Nazwa pliku,Klasa rzeczywista,Klasa predykowana,ceownik,dwuteownik,katownik,plaskownik
ceownik_00003-view02.png,ceownik,dwuteownik,0.25131768,0.729813,0.0065027913,0.012366597
dwuteownik_00020-view01.png,dwuteownik,ceownik,0.5009991,0.35791853,0.13278225,0.008300094
dwuteownik_00020-view02.png,dwuteownik,ceownik,0.7276406,0.211925,0.055631097,0.00480328
dwuteownik_00020-view03.png,dwuteownik,ceownik,0.9860221,0.0094778165,0.0034703806,0.0010296606
dwuteownik_00029-view01.png,dwuteownik,ceownik,0.9136667,0.08137266,0.0027631735,0.0021974305
katownik_00021-view04.png,katownik,ceownik,0.541775,0.0077816863,0.34624842,0.10419489
plaskownik_00018-view02.png,plaskownik,katownik,0.0014178624,7.939925e-05,0.66198367,0.3365191
