Nazwa pliku,Klasa rzeczywista,Klasa predykowana,ceownik,dwuteownik,katownik,plaskownik
ceownik_00014-view01.png,ceownik,dwuteownik,0.44342765,0.53715885,0.017120948,0.002292555
dwuteownik_00033-view03.png,dwuteownik,ceownik,0.8574385,0.1414259,0.0010211882,0.000114393995
dwuteownik_00046-view04.png,dwuteownik,ceownik,0.92819357,0.07168585,0.00010209759,1.84639e-05
katownik_00012-view02.png,katownik,plaskownik,0.24366423,0.022186566,0.07165122,0.662498
katownik_00018-view04.png,katownik,ceownik,0.69083375,0.0009052706,0.28395957,0.024301406
katownik_00029-view03.png,katownik,ceownik,0.6506687,0.014107469,0.31632218,0.018901614
katownik_00049-view04.png,katownik,plaskownik,0.052261893,0.0015941771,0.27779862,0.66834533
plaskownik_00038-view01.png,plaskownik,katownik,0.008003476,7.358136e-05,0.6612027,0.33072025
