Nazwa pliku,Klasa rzeczywista,Klasa predykowana,ceownik,dwuteownik,katownik,plaskownik
ceownik_00004-view04.png,ceownik,dwuteownik,0.23158509,0.3624679,0.059277594,0.34666944
ceownik_00005-view03.png,ceownik,dwuteownik,0.43003452,0.53737426,0.029862277,0.0027288827
ceownik_00006-view04.png,ceownik,plaskownik,0.26779425,0.25394458,0.12884156,0.34941962
ceownik_00020-view02.png,ceownik,dwuteownik,0.24752104,0.745827,0.005595658,0.0010563196
dwuteownik_00029-view04.png,dwuteownik,ceownik,0.5371079,0.4627493,8.253898e-05,6.0319526e-05
plaskownik_00012-view04.png,plaskownik,katownik,3.9305734e-05,1.0421828e-07,0.85934037,0.14062019
plaskownik_00017-view01.png,plaskownik,katownik,0.028322993,0.00079608633,0.5228296,0.44805127
