Nazwa pliku,Klasa rzeczywista,Klasa predykowana,ceownik,dwuteownik,katownik,plaskownik
ceownik_00041-view04.png,ceownik,plaskownik,0.07353282,0.0047815475,0.043362588,0.87832296
ceownik_00050-view04.png,ceownik,plaskownik,0.17054601,0.0050007296,0.049255557,0.7751977
dwuteownik_00046-view01.png,dwuteownik,ceownik,0.67184114,0.32047048,0.005731067,0.0019573313
dwuteownik_00046-view02.png,dwuteownik,ceownik,0.64352584,0.35029945,0.005560612,0.00061413273
katownik_00005-view01.png,katownik,ceownik,0.60234654,0.08557579,0.2604912,0.051586475
katownik_00033-view03.png,katownik,plaskownik,0.0004448392,1.2369907e-05,0.142161,0.85738176
katownik_00042-view02.png,katownik,plaskownik,0.0017826587,0.00056734524,0.30386978,0.69378024
katownik_00047-view03.png,katownik,plaskownik,0.00027229675,5.785262e-06,0.37672827,0.62299365
plaskownik_00010-view03.png,plaskownik,katownik,0.0011539118,0.00028930698,0.69148934,0.30706742
