Nazwa pliku,Klasa rzeczywista,Klasa predykowana,ceownik,dwuteownik,katownik,plaskownik
ceownik_00014-view03.png,ceownik,dwuteownik,0.19361597,0.78404415,0.0221059,0.00023401159
ceownik_00018-view02.png,ceownik,dwuteownik,0.07073768,0.9001112,0.027183633,0.0019674085
ceownik_00018-view03.png,ceownik,dwuteownik,0.32984605,0.55296546,0.11715233,3.6131005e-05
dwuteownik_00046-view04.png,dwuteownik,katownik,0.18690455,0.006371967,0.8063046,0.00041886556
katownik_00012-view02.png,katownik,plaskownik,1.1326261e-05,6.307338e-05,0.2424587,0.7574669
katownik_00012-view04.png,katownik,dwuteownik,0.090910375,0.5183502,0.34733388,0.043405563
katownik_00038-view04.png,katownik,ceownik,0.5303625,0.21879101,0.24706282,0.0037837136
plaskownik_00027-view04.png,plaskownik,katownik,0.0042467476,0.011837487,0.74892855,0.23498714
plaskownik_00047-view03.png,plaskownik,katownik,0.0007269422,0.002089848,0.502164,0.49501923
