Nazwa pliku,Klasa rzeczywista,Klasa predykowana,ceownik,dwuteownik,katownik,plaskownik
ceownik_00006-view02.png,ceownik,katownik,0.07642793,0.0009204342,0.92182,0.0008316429
dwuteownik_00008-view03.png,dwuteownik,ceownik,0.93142706,0.06312065,0.0049377573,0.0005146053
dwuteownik_00029-view03.png,dwuteownik,ceownik,0.6572532,0.34266707,7.642264e-05,3.3574918e-06
dwuteownik_00046-view01.png,dwuteownik,katownik,0.15784496,0.1216373,0.72040254,0.000115201256
katownik_00004-view04.png,katownik,ceownik,0.45286065,0.28032807,0.17434666,0.092464566
katownik_00020-view02.png,katownik,ceownik,0.58413684,0.13018449,0.100593835,0.1850849
katownik_00039-view01.png,katownik,ceownik,0.8845295,0.0024563621,0.11293599,7.8229066e-05
