Nazwa pliku,Klasa rzeczywista,Klasa predykowana,ceownik,dwuteownik,katownik,plaskownik
ceownik_00203-view02.png,ceownik,dwuteownik,0.33560726,0.6643801,1.1905221e-06,1.1493166e-05
ceownik_00069-view03.png,ceownik,dwuteownik,0.11178396,0.88671327,0.00018908447,0.0013137456
ceownik_00053-view02.png,ceownik,plaskownik,0.03593172,1.2164192e-05,0.00010788286,0.9639482
ceownik_00177-view02.png,ceownik,dwuteownik,0.28807878,0.7118832,1.7103845e-05,2.090449e-05
dwuteownik_00218-view01.png,dwuteownik,ceownik,0.65944344,0.33992025,0.0004034248,0.00023288462
dwuteownik_00077-view03.png,dwuteownik,ceownik,0.8781408,0.12185344,4.5919748e-08,5.7089765e-06
dwuteownik_00225-view04.png,dwuteownik,ceownik,0.6055636,0.39443538,6.372335e-07,3.954643e-07
plaskownik_00021-view04.png,plaskownik,ceownik,0.7663402,0.0033324875,0.00010925763,0.23021816
