Nazwa pliku,Klasa rzeczywista,Klasa predykowana,ceownik,dwuteownik,katownik,plaskownik
ceownik_00069-view01.png,ceownik,dwuteownik,0.038534746,0.9447807,0.005445246,0.0112392325
ceownik_00067-view03.png,ceownik,dwuteownik,0.0041314852,0.9827359,0.0015427149,0.011589976
dwuteownik_00046-view03.png,dwuteownik,ceownik,0.5224516,0.42117578,0.056129865,0.00024278752
dwuteownik_00250-view01.png,dwuteownik,ceownik,0.62484145,0.32669377,0.048223585,0.00024113929
dwuteownik_00077-view03.png,dwuteownik,ceownik,0.9231885,0.07679214,5.23404e-06,1.4147863e-05
katownik_00004-view01.png,katownik,ceownik,0.73766303,0.002348104,0.2599049,8.400051e-05
katownik_00173-view03.png,katownik,ceownik,0.9676491,0.0022160967,0.030067323,6.758036e-05
