Nazwa pliku,Klasa rzeczywista,Klasa predykowana,ceownik,dwuteownik,katownik,plaskownik
ceownik_00067-view03.png,ceownik,dwuteownik,0.4253343,0.5599366,0.001990039,0.012738997
ceownik_00069-view03.png,ceownik,dwuteownik,0.15063368,0.8430138,0.0031876445,0.0031648672
ceownik_00025-view02.png,ceownik,dwuteownik,0.39180943,0.60818875,1.0306959e-07,1.7397756e-06
dwuteownik_00225-view04.png,dwuteownik,ceownik,0.8932136,0.10678329,3.059789e-06,3.2559665e-08
dwuteownik_00198-view03.png,dwuteownik,ceownik,0.87180346,0.12807558,0.00011249312,8.516621e-06
dwuteownik_00198-view01.png,dwuteownik,ceownik,0.60349363,0.3963381,0.00015949113,8.755739e-06
plaskownik_00021-view04.png,plaskownik,ceownik,0.69352853,0.0033361926,0.00014931407,0.3029859
plaskownik_00017-view04.png,plaskownik,ceownik,0.6993218,0.0022355567,0.012610244,0.28583238
plaskownik_00017-view02.png,plaskownik,ceownik,0.5054603,0.0014045445,0.21919917,0.27393594
