Nazwa pliku,Klasa rzeczywista,Klasa predykowana,ceownik,dwuteownik,katownik,plaskownik
ceownik_00025-view02.png,ceownik,dwuteownik,0.27040544,0.72959256,7.583342e-07,1.2112531e-06
ceownik_00068-view01.png,ceownik,dwuteownik,0.14419612,0.81239617,0.0019784027,0.04142932
ceownik_00140-view03.png,ceownik,katownik,0.1365883,0.0030391251,0.8471937,0.013178874
ceownik_00204-view01.png,ceownik,dwuteownik,0.40836716,0.5916147,5.688371e-06,1.2421239e-05
dwuteownik_00069-view01.png,dwuteownik,ceownik,0.7753133,0.22466946,6.6623784e-06,1.0531118e-05
dwuteownik_00077-view03.png,dwuteownik,ceownik,0.88839024,0.11160793,6.0795406e-07,1.1522845e-06
