Nazwa pliku,Klasa rzeczywista,Klasa predykowana,ceownik,dwuteownik,katownik,plaskownik
ceownik_00177-view02.png,ceownik,dwuteownik,0.32734397,0.6723906,0.00016318136,0.000102277496
ceownik_00093-view02.png,ceownik,dwuteownik,0.26133898,0.738051,0.00053690735,7.313582e-05
ceownik_00069-view03.png,ceownik,dwuteownik,0.123693876,0.8627489,0.0020874692,0.011469704
dwuteownik_00068-view01.png,dwuteownik,ceownik,0.9517274,0.04746375,0.00049704325,0.00031181364
dwuteownik_00020-view01.png,dwuteownik,plaskownik,0.35172334,0.00263655,0.06709427,0.5785458
dwuteownik_00213-view04.png,dwuteownik,ceownik,0.86928695,0.1264102,0.0043019755,8.61418e-07
