Nazwa pliku,Klasa rzeczywista,Klasa predykowana,ceownik,dwuteownik,katownik,plaskownik
ceownik_00053-view03.png,ceownik,plaskownik,0.01753166,5.543171e-06,0.00022865365,0.98223406
ceownik_00076-view01.png,ceownik,plaskownik,0.15301125,1.4427853e-05,2.0504864e-05,0.8469538
ceownik_00166-view04.png,ceownik,katownik,0.018015942,4.958614e-07,0.98048085,0.0015026799
dwuteownik_00020-view02.png,dwuteownik,ceownik,0.64855045,0.3512165,0.00021664804,1.6402006e-05
dwuteownik_00020-view03.png,dwuteownik,ceownik,0.825643,0.15242974,0.021865379,6.187461e-05
dwuteownik_00021-view04.png,dwuteownik,ceownik,0.9915764,0.0065072556,0.0017838937,0.00013249788
dwuteownik_00046-view02.png,dwuteownik,ceownik,0.7653363,0.22419736,0.0067790905,0.0036873587
plaskownik_00017-view02.png,plaskownik,katownik,0.15886025,0.00027441158,0.46282148,0.37804383
plaskownik_00028-view03.png,plaskownik,ceownik,0.58782095,8.887337e-06,2.200472e-05,0.4121482
