Nazwa pliku,Klasa rzeczywista,Klasa predykowana,ceownik,dwuteownik,katownik,plaskownik
ceownik_00141-view02.png,ceownik,dwuteownik,0.44141468,0.55855334,3.2011576e-05,2.4530097e-08
ceownik_00063-view03.png,ceownik,dwuteownik,0.011236312,0.9884122,9.618945e-05,0.0002552548
dwuteownik_00020-view03.png,dwuteownik,ceownik,0.56398606,0.2344347,0.2010306,0.00054863084
dwuteownik_00021-view04.png,dwuteownik,ceownik,0.89725244,0.099216044,0.0032336654,0.00029787264
