Nazwa pliku,Klasa rzeczywista,Klasa predykowana,ceownik,dwuteownik,katownik,plaskownik
ceownik_00002-view02.png,ceownik,katownik,0.39912623,0.011581824,0.5882788,0.0010131529
ceownik_00006-view02.png,ceownik,katownik,0.4737705,0.007031702,0.51862466,0.0005731078
dwuteownik_00029-view03.png,dwuteownik,ceownik,0.8772651,0.119548105,0.0025330794,0.00065373565
dwuteownik_00033-view02.png,dwuteownik,ceownik,0.5022324,0.49276218,0.0047331206,0.00027230525
dwuteownik_00046-view02.png,dwuteownik,ceownik,0.76563424,0.064794235,0.1695277,4.3788077e-05
plaskownik_00022-view04.png,plaskownik,katownik,0.0016920477,0.0004262447,0.765076,0.23280576
