Nazwa pliku,Klasa rzeczywista,Klasa predykowana,ceownik,dwuteownik,katownik,plaskownik
ceownik_00003-view03.png,ceownik,katownik,0.4785747,0.0069767265,0.51422024,0.00022835417
ceownik_00005-view02.png,ceownik,katownik,0.24888812,0.0067162137,0.7442826,0.00011311069
ceownik_00005-view04.png,ceownik,katownik,0.46107468,0.009442046,0.527215,0.0022682673
ceownik_00048-view01.png,ceownik,katownik,0.13748148,0.013980447,0.8383739,0.010164151
dwuteownik_00021-view04.png,dwuteownik,ceownik,0.9694076,0.025812795,5.412738e-05,0.0047254367
katownik_00022-view01.png,katownik,ceownik,0.9597515,0.0004454042,0.023210762,0.016592367
katownik_00022-view02.png,katownik,ceownik,0.66864884,0.0021938465,0.25892034,0.070237026
katownik_00031-view01.png,katownik,ceownik,0.7138012,0.06832821,0.21427517,0.0035953997
plaskownik_00027-view02.png,plaskownik,katownik,0.000311592,0.00036598765,0.5227833,0.4765391
