Nazwa pliku,Klasa rzeczywista,Klasa predykowana,ceownik,dwuteownik,katownik,kwadratowy,okragly,plaskownik,profil,rura
ceownik_00068-view01.png,ceownik,dwuteownik,0.25301912,0.6702578,0.0032997471,3.0455787e-05,0.0008352063,0.064906605,0.007563089,8.7975255e-05
ceownik_00140-view03.png,ceownik,katownik,0.04051036,0.002217436,0.94769454,0.00023324123,0.00011280088,0.008974199,1.7742355e-05,0.00023965225
ceownik_00247-view03.png,ceownik,profil,0.11581604,0.0013989279,0.00013830326,0.000113725146,8.577027e-07,4.9778733e-05,0.8824549,2.758626e-05
dwuteownik_00077-view03.png,dwuteownik,ceownik,0.9545575,0.045433585,8.937477e-08,1.4012943e-07,5.6409126e-09,3.6637542e-07,8.3521e-06,4.4144258e-08
okragly_00171-view04.png,okragly,kwadratowy,0.0069375327,0.019436417,0.0071413955,0.5622138,0.27945802,0.00048072913,0.024254622,0.10007756
profil_00145-view03.png,profil,dwuteownik,0.016755834,0.56107396,0.00014899646,0.026398854,0.005953717,5.515611e-06,0.38936222,0.00030093273
profil_00239-view02.png,profil,rura,0.10330777,0.13379198,0.011066578,0.0010574554,0.0024591312,0.005668805,0.37080675,0.3718415
rura_00029-view01.png,rura,okragly,3.438256e-05,0.00015515661,0.017538028,0.05078004,0.62821627,2.778888e-05,0.0002020149,0.30304638
