Nazwa pliku,Klasa rzeczywista,Klasa predykowana,ceownik,dwuteownik,katownik,plaskownik
ceownik_00054-view04.png,ceownik,dwuteownik,0.420354,0.579645,3.8222518e-07,6.637515e-07
ceownik_00063-view03.png,ceownik,dwuteownik,0.00012132778,0.99987864,1.164134e-09,7.3318054e-09
ceownik_00190-view04.png,ceownik,dwuteownik,0.111740015,0.88825995,2.5552366e-10,4.654037e-10
ceownik_00194-view03.png,ceownik,dwuteownik,0.052112583,0.94788563,3.553896e-07,1.4626621e-06
dwuteownik_00137-view02.png,dwuteownik,ceownik,0.68151736,0.31848177,1.4347978e-07,6.602317e-07
katownik_00173-view01.png,katownik,plaskownik,0.0057663354,2.6817253e-05,0.41490602,0.5793008
katownik_00206-view01.png,katownik,ceownik,0.7740927,8.645676e-06,0.2258024,9.623967e-05
plaskownik_00019-view02.png,plaskownik,ceownik,0.85092133,6.4255346e-07,0.0070626414,0.14201538
