Nazwa pliku,Klasa rzeczywista,Klasa predykowana,ceownik,dwuteownik,katownik,plaskownik
ceownik_00063-view02.png,ceownik,plaskownik,0.30652753,0.0027652322,0.090908,0.5997993
ceownik_00238-view02.png,ceownik,dwuteownik,0.309132,0.69086546,1.749059e-06,7.665707e-07
dwuteownik_00250-view01.png,dwuteownik,ceownik,0.98352826,0.011063258,0.0053049396,0.00010354005
dwuteownik_00077-view03.png,dwuteownik,ceownik,0.97275364,0.027233036,8.175152e-06,5.1270163e-06
katownik_00173-view03.png,katownik,ceownik,0.869065,0.09441203,0.03608031,0.00044267962
