Nazwa pliku,Klasa rzeczywista,Klasa predykowana,ceownik,dwuteownik,katownik,plaskownik
ceownik_00109-view04.png,ceownik,plaskownik,0.27163038,0.00038417024,0.08676607,0.6412194
dwuteownik_00071-view01.png,dwuteownik,ceownik,0.5143012,0.48530242,0.00034833868,4.8114976e-05
dwuteownik_00250-view01.png,dwuteownik,ceownik,0.97313863,0.023132168,0.0036561165,7.309284e-05
plaskownik_00158-view03.png,plaskownik,dwuteownik,0.017088162,0.841446,0.00066331885,0.14080253
plaskownik_00021-view04.png,plaskownik,ceownik,0.6720121,0.001180519,0.00096613105,0.32584128
plaskownik_00097-view02.png,plaskownik,ceownik,0.6685946,1.7000662e-06,0.00011616033,0.3312875
plaskownik_00017-view02.png,plaskownik,katownik,0.074704625,1.4384806e-06,0.88003796,0.04525607
