Nazwa pliku,Klasa rzeczywista,Klasa predykowana,ceownik,dwuteownik,katownik,plaskownik
ceownik_00118-view04.png,ceownik,dwuteownik,0.26317415,0.7332254,0.00057581736,0.0030246384
ceownik_00247-view02.png,ceownik,katownik,0.41382134,0.059394617,0.5267195,6.453231e-05
ceownik_00083-view02.png,ceownik,dwuteownik,0.4553889,0.5445081,6.864694e-05,3.4283967e-05
ceownik_00063-view03.png,ceownik,dwuteownik,0.14017974,0.8217679,0.01038597,0.027666314
dwuteownik_00020-view03.png,dwuteownik,ceownik,0.49453697,0.4817095,0.0028100687,0.020943418
dwuteownik_00021-view04.png,dwuteownik,ceownik,0.9783569,0.020672785,0.000799201,0.00017112009
dwuteownik_00021-view03.png,dwuteownik,ceownik,0.92941934,0.025746353,0.012300658,0.032533728
