Nazwa pliku,Klasa rzeczywista,Klasa predykowana,ceownik,dwuteownik,katownik,plaskownik
ceownik_00053-view02.png,ceownik,plaskownik,0.3520073,0.0017219211,0.04414077,0.60213
ceownik_00069-view03.png,ceownik,dwuteownik,0.07693028,0.9227873,6.0490853e-05,0.0002218637
ceownik_00181-view02.png,ceownik,dwuteownik,0.44014055,0.55963755,0.00021426659,7.688168e-06
ceownik_00182-view04.png,ceownik,dwuteownik,0.37487954,0.62471145,0.00037526572,3.3745677e-05
dwuteownik_00015-view02.png,dwuteownik,ceownik,0.6727489,0.32522142,0.0019389762,9.0710506e-05
dwuteownik_00020-view04.png,dwuteownik,ceownik,0.99752945,0.0018511317,5.416996e-05,0.0005652326
dwuteownik_00079-view03.png,dwuteownik,ceownik,0.71685386,0.2831413,2.1640511e-07,4.6657037e-06
dwuteownik_00250-view04.png,dwuteownik,ceownik,0.99960107,0.00010265832,0.00029286247,3.327408e-06
katownik_00173-view03.png,katownik,ceownik,0.9209806,0.040309977,0.038131084,0.0005783923
