Nazwa pliku,Klasa rzeczywista,Klasa predykowana,ceownik,dwuteownik,katownik,plaskownik
ceownik_00014-view03.png,ceownik,dwuteownik,0.48001847,0.49707124,0.0069367425,0.015973551
ceownik_00018-view02.png,ceownik,dwuteownik,0.44900116,0.55033654,0.0005393028,0.00012299433
ceownik_00018-view03.png,ceownik,katownik,0.09099818,0.013720406,0.8909998,0.0042816345
ceownik_00038-view03.png,ceownik,dwuteownik,0.4940459,0.50592303,2.7234151e-05,3.8143405e-06
ceownik_00048-view04.png,ceownik,dwuteownik,0.22345997,0.7641176,0.0028764145,0.009546079
