Nazwa pliku,Klasa rzeczywista,Klasa predykowana,ceownik,dwuteownik,katownik,plaskownik
ceownik_00050-view02.png,ceownik,plaskownik,0.033389457,0.0025017404,0.003448262,0.9606606
dwuteownik_00009-view03.png,dwuteownik,ceownik,0.673875,0.3261224,1.0730937e-06,1.5740308e-06
dwuteownik_00028-view02.png,dwuteownik,ceownik,0.515346,0.48211277,0.002382965,0.00015830323
dwuteownik_00046-view01.png,dwuteownik,ceownik,0.7985953,0.1741506,0.024466215,0.0027879283
dwuteownik_00046-view02.png,dwuteownik,ceownik,0.973189,0.023568159,0.002807989,0.00043479644
katownik_00031-view04.png,katownik,plaskownik,0.00078196597,1.6679131e-06,0.32131162,0.6779047
katownik_00037-view04.png,katownik,plaskownik,3.7375846e-06,3.6927688e-08,0.46303156,0.53696465
katownik_00047-view03.png,katownik,plaskownik,4.9206472e-05,1.7109231e-07,0.13093364,0.869017
plaskownik_00019-view02.png,plaskownik,ceownik,0.9962767,0.0018797911,0.0010575571,0.0007859063
