Nazwa pliku,Klasa rzeczywista,Klasa predykowana,ceownik,dwuteownik,katownik,plaskownik
ceownik_00001-view04.png,ceownik,plaskownik,0.00016396843,2.4706993e-05,0.00032341274,0.9994879
ceownik_00003-view01.png,ceownik,dwuteownik,0.3706775,0.39859176,0.2136098,0.017120903
ceownik_00006-view03.png,ceownik,katownik,0.16754991,0.37501433,0.4569893,0.00044642593
dwuteownik_00029-view01.png,dwuteownik,ceownik,0.93933856,0.06061099,4.433893e-05,6.1721958e-06
dwuteownik_00046-view03.png,dwuteownik,ceownik,0.7028584,0.26278636,0.034308475,4.679653e-05
katownik_00021-view04.png,katownik,plaskownik,0.036133453,0.040980935,0.16927783,0.7536078
plaskownik_00017-view04.png,plaskownik,ceownik,0.5410352,0.0002660412,0.003551328,0.45514745
