Nazwa pliku,Klasa rzeczywista,Klasa predykowana,ceownik,dwuteownik,katownik,plaskownik
ceownik_00001-view03.png,ceownik,plaskownik,0.10349729,0.0003905726,0.00050159986,0.8956105
dwuteownik_00008-view01.png,dwuteownik,ceownik,0.61775726,0.30256185,0.027271632,0.052409206
dwuteownik_00046-view04.png,dwuteownik,ceownik,0.6018338,0.23100945,0.16697891,0.00017778699
katownik_00012-view04.png,katownik,ceownik,0.36427793,0.11987827,0.33429706,0.1815468
