Nazwa pliku,Klasa rzeczywista,Klasa predykowana,ceownik,dwuteownik,katownik,plaskownik
ceownik_00001-view01.png,ceownik,dwuteownik,0.041142322,0.93681073,0.0001251373,0.021921812
ceownik_00001-view02.png,ceownik,plaskownik,0.022872679,0.0047448957,0.0006670919,0.9717153
ceownik_00021-view01.png,ceownik,dwuteownik,0.23062275,0.7691554,5.20867e-05,0.00016974617
dwuteownik_00012-view04.png,dwuteownik,ceownik,0.8106388,0.18231183,0.0007122456,0.00633717
dwuteownik_00043-view04.png,dwuteownik,ceownik,0.530883,0.46860832,0.00050832564,3.676372e-07
