Nazwa pliku,Klasa rzeczywista,Klasa predykowana,ceownik,dwuteownik,katownik,plaskownik
ceownik_00004-view03.png,ceownik,katownik,0.27120635,0.0060759853,0.7223177,0.0003999952
ceownik_00006-view02.png,ceownik,katownik,0.10121645,0.0010347635,0.8977121,3.6668724e-05
ceownik_00022-view03.png,ceownik,dwuteownik,0.4661845,0.5254555,0.0009323847,0.0074275993
ceownik_00049-view01.png,ceownik,dwuteownik,0.47883856,0.5195037,1.9602581e-05,0.0016380422
dwuteownik_00028-view02.png,dwuteownik,ceownik,0.93671095,0.012536788,0.03239059,0.018361704
dwuteownik_00029-view03.png,dwuteownik,ceownik,0.6762265,0.32373717,2.761628e-05,8.71001e-06
dwuteownik_00046-view01.png,dwuteownik,ceownik,0.5830438,0.41676524,0.00018699601,3.9584975e-06
dwuteownik_00046-view02.png,dwuteownik,katownik,0.38798854,0.0002582464,0.6117445,8.732797e-06
katownik_00021-view02.png,katownik,plaskownik,0.00013472683,1.1889809e-05,0.015879188,0.98397416
