Nazwa pliku,Klasa rzeczywista,Klasa predykowana,ceownik,dwuteownik,katownik,plaskownik
ceownik_00003-view03.png,ceownik,katownik,0.18091837,0.0020876895,0.81680477,0.0001891886
ceownik_00004-view01.png,ceownik,katownik,0.4330884,4.9475104e-05,0.5668088,5.332003e-05
ceownik_00005-view02.png,ceownik,katownik,0.20679438,0.026749166,0.7657854,0.0006710869
ceownik_00014-view02.png,ceownik,dwuteownik,0.46399304,0.5303672,0.005366702,0.00027307743
dwuteownik_00021-view04.png,dwuteownik,ceownik,0.9978956,0.001783304,3.4072477e-07,0.0003206886
katownik_00026-view01.png,katownik,ceownik,0.98405355,0.006588081,0.009099432,0.0002589875
plaskownik_00017-view03.png,plaskownik,katownik,0.1341033,0.14345284,0.49106798,0.23137592
