Nazwa pliku,Klasa rzeczywista,Klasa predykowana,ceownik,dwuteownik,katownik,plaskownik
ceownik_00069-view01.png,ceownik,plaskownik,0.11173572,0.12673695,0.00014447747,0.7613828
ceownik_00067-view03.png,ceownik,plaskownik,0.08988445,0.066474915,4.0014787e-05,0.8436006
dwuteownik_00191-view04.png,dwuteownik,ceownik,0.54811126,0.4485327,0.0033183587,3.7685037e-05
dwuteownik_00069-view04.png,dwuteownik,ceownik,0.65001726,0.34939572,0.00054974784,3.7272497e-05
dwuteownik_00220-view04.png,dwuteownik,katownik,0.0012275506,0.016069055,0.9824775,0.00022597722
dwuteownik_00141-view01.png,dwuteownik,ceownik,0.52331746,0.47386557,0.00039393592,0.0024230503
dwuteownik_00220-view01.png,dwuteownik,ceownik,0.80906093,0.19043046,0.0004410105,6.765128e-05
dwuteownik_00070-view02.png,dwuteownik,ceownik,0.58318216,0.41623256,0.00015678396,0.00042842352
dwuteownik_00077-view03.png,dwuteownik,ceownik,0.7048094,0.1695018,0.00052193564,0.12516688
