Nazwa pliku,Klasa rzeczywista,Klasa predykowana,ceownik,dwuteownik,katownik,plaskownik
ceownik_00217-view01.png,ceownik,dwuteownik,0.4184169,0.5814708,0.00010774335,4.554005e-06
ceownik_00069-view03.png,ceownik,dwuteownik,0.02589814,0.85997015,0.009746513,0.104385175
dwuteownik_00227-view02.png,dwuteownik,ceownik,0.94865125,0.050564148,0.00077897776,5.6127487e-06
dwuteownik_00225-view04.png,dwuteownik,ceownik,0.51982754,0.47947392,0.00012773939,0.00057076174
dwuteownik_00070-view01.png,dwuteownik,ceownik,0.8979859,0.0917414,3.3525852e-05,0.010239191
dwuteownik_00198-view03.png,dwuteownik,ceownik,0.985898,0.00023672191,0.0137729775,9.223664e-05
dwuteownik_00198-view01.png,dwuteownik,ceownik,0.9908626,0.0018128033,0.0072652064,5.9371545e-05
