Nazwa pliku,Klasa rzeczywista,Klasa predykowana,ceownik,dwuteownik,katownik,plaskownik
ceownik_00068-view04.png,ceownik,plaskownik,0.26402214,0.35276026,0.0011055202,0.3821121
ceownik_00052-view02.png,ceownik,dwuteownik,0.4578773,0.54106146,0.00062105595,0.00044014276
ceownik_00004-view01.png,ceownik,katownik,0.45149362,0.0004578395,0.5479577,9.083416e-05
dwuteownik_00070-view01.png,dwuteownik,ceownik,0.99806243,0.0010386825,9.796274e-07,0.00089787366
dwuteownik_00021-view03.png,dwuteownik,plaskownik,0.003490894,0.036782533,1.1987104e-05,0.9597146
plaskownik_00168-view02.png,plaskownik,dwuteownik,0.0065214043,0.85817295,1.0699616e-06,0.13530459
