Nazwa pliku,Klasa rzeczywista,Klasa predykowana,ceownik,dwuteownik,katownik,plaskownik
ceownik_00014-view03.png,ceownik,dwuteownik,0.3138459,0.67916936,0.0029672422,0.004017457
ceownik_00048-view04.png,ceownik,dwuteownik,0.29795527,0.5048577,0.007263513,0.1899235
katownik_00003-view04.png,katownik,ceownik,0.73801297,0.011880384,0.24193802,0.008168599
katownik_00012-view02.png,katownik,plaskownik,0.0011898461,0.0012981568,0.042048935,0.95546305
katownik_00018-view04.png,katownik,ceownik,0.5384323,0.006181357,0.3504437,0.10494267
katownik_00049-view04.png,katownik,plaskownik,0.0026180062,0.00020357642,0.42881653,0.5683619
