Nazwa pliku,Klasa rzeczywista,Klasa predykowana,ceownik,dwuteownik,katownik,plaskownik
ceownik_00004-view03.png,ceownik,dwuteownik,0.36742178,0.5379613,0.06057523,0.03404171
ceownik_00050-view02.png,ceownik,plaskownik,0.08060712,0.0019043955,0.11049147,0.806997
dwuteownik_00046-view01.png,dwuteownik,ceownik,0.43381843,0.25936309,0.253134,0.05368453
dwuteownik_00046-view02.png,dwuteownik,ceownik,0.5151359,0.37809452,0.1035041,0.0032654807
katownik_00046-view03.png,katownik,plaskownik,1.4497276e-05,2.7134243e-07,0.44623533,0.55374986
