Nazwa pliku,Klasa rzeczywista,Klasa predykowana,ceownik,dwuteownik,katownik,plaskownik
ceownik_00016-view02.png,ceownik,katownik,0.36090815,0.00028875095,0.6384669,0.00033620588
ceownik_00017-view01.png,ceownik,katownik,0.24507524,0.0067795473,0.661826,0.08631917
ceownik_00038-view03.png,ceownik,dwuteownik,0.46158665,0.53011817,0.007908853,0.00038630047
ceownik_00038-view04.png,ceownik,plaskownik,0.29885444,0.0016915811,0.06520087,0.63425314
ceownik_00039-view03.png,ceownik,katownik,0.2790466,0.006245771,0.5452128,0.16949484
ceownik_00048-view04.png,ceownik,dwuteownik,0.43794376,0.53534275,0.017547706,0.009165769
katownik_00012-view02.png,katownik,plaskownik,0.2847824,0.0004889841,0.3452419,0.36948672
katownik_00017-view01.png,katownik,plaskownik,0.030482654,0.06805765,0.4230215,0.47843826
katownik_00024-view04.png,katownik,plaskownik,0.0009132982,0.00018346673,0.41195437,0.5869489
