Nazwa pliku,Klasa rzeczywista,Klasa predykowana,ceownik,dwuteownik,katownik,plaskownik
ceownik_00005-view02.png,ceownik,dwuteownik,0.30571067,0.41421813,0.13571511,0.14435609
ceownik_00005-view04.png,ceownik,dwuteownik,0.3747552,0.5120984,0.1084951,0.00465129
dwuteownik_00009-view04.png,dwuteownik,ceownik,0.5954036,0.40377846,4.982797e-05,0.000768118
dwuteownik_00020-view04.png,dwuteownik,ceownik,0.99402076,0.0031299824,0.00094422814,0.0019049619
dwuteownik_00021-view04.png,dwuteownik,ceownik,0.7460728,0.253927,1.7420905e-09,1.3222942e-07
dwuteownik_00029-view02.png,dwuteownik,ceownik,0.98807424,0.01190592,1.8747123e-05,9.874137e-07
katownik_00026-view01.png,katownik,ceownik,0.7520005,1.0578315e-05,0.24752207,0.0004668351
plaskownik_00027-view02.png,plaskownik,katownik,0.004190969,5.135255e-05,0.8711396,0.12461819
plaskownik_00034-view02.png,plaskownik,katownik,0.011337501,0.0011159249,0.6578804,0.3296661
