Nazwa pliku,Klasa rzeczywista,Klasa predykowana,ceownik,dwuteownik,katownik,plaskownik
ceownik_00002-view02.png,ceownik,katownik,0.07317829,0.015095795,0.5696126,0.34211323
ceownik_00041-view04.png,ceownik,plaskownik,0.25374112,0.008339955,0.17952655,0.5583924
ceownik_00048-view03.png,ceownik,katownik,0.34864143,0.054134954,0.35813642,0.23908715
dwuteownik_00046-view01.png,dwuteownik,ceownik,0.9002175,0.08510052,0.010028878,0.0046531414
dwuteownik_00046-view02.png,dwuteownik,ceownik,0.6043517,0.39294207,0.0021074773,0.00059878017
katownik_00021-view02.png,katownik,ceownik,0.6022399,0.031576406,0.13896172,0.22722201
plaskownik_00003-view04.png,plaskownik,ceownik,0.6269045,0.022654453,0.051709376,0.29873174
plaskownik_00010-view03.png,plaskownik,katownik,0.0147085115,0.0005834825,0.8683764,0.11633161
