Nazwa pliku,Klasa rzeczywista,Klasa predykowana,ceownik,dwuteownik,katownik,plaskownik
ceownik_00001-view04.png,ceownik,plaskownik,0.051226344,0.0012647321,0.001729251,0.9457797
ceownik_00003-view01.png,ceownik,katownik,0.1359877,0.066081755,0.7926359,0.005294668
ceownik_00003-view02.png,ceownik,dwuteownik,0.32778928,0.36265358,0.30729216,0.00226492
ceownik_00004-view02.png,ceownik,katownik,0.09902715,0.00023355382,0.90049887,0.00024046047
ceownik_00020-view03.png,ceownik,katownik,0.44798893,0.0034906827,0.5454541,0.003066298
dwuteownik_00029-view01.png,dwuteownik,ceownik,0.71864784,0.28002402,0.0008544825,0.0004736914
dwuteownik_00046-view03.png,dwuteownik,ceownik,0.5100946,0.00043712763,0.48933503,0.00013325944
plaskownik_00017-view04.png,plaskownik,ceownik,0.73547226,0.026531862,0.13655476,0.10144107
plaskownik_00024-view03.png,plaskownik,dwuteownik,0.0019944652,0.98258466,0.00021766123,0.015203299
