Nazwa pliku,Klasa rzeczywista,Klasa predykowana,ceownik,dwuteownik,katownik,plaskownik
ceownik_00001-view03.png,ceownik,dwuteownik,0.15421437,0.61385435,0.05804482,0.1738865
ceownik_00002-view04.png,ceownik,katownik,0.43939003,0.01757807,0.5425408,0.0004911369
ceownik_00014-view03.png,ceownik,katownik,0.37426975,0.22776602,0.3884319,0.009532288
ceownik_00018-view03.png,ceownik,dwuteownik,0.25444272,0.7093383,0.035971593,0.0002473712
ceownik_00048-view04.png,ceownik,katownik,0.36505365,0.03739285,0.59067684,0.006876706
dwuteownik_00005-view01.png,dwuteownik,ceownik,0.58338565,0.35774025,0.041534916,0.017339231
katownik_00012-view02.png,katownik,plaskownik,0.002872963,0.0024792687,0.11259977,0.882048
