Nazwa pliku,Klasa rzeczywista,Klasa predykowana,ceownik,dwuteownik,katownik,plaskownik
ceownik_00001-view01.png,ceownik,plaskownik,0.12902495,0.0413283,0.0076690563,0.8219776
ceownik_00018-view04.png,ceownik,dwuteownik,0.38857886,0.60157126,0.0085439505,0.0013059328
ceownik_00021-view01.png,ceownik,dwuteownik,0.4329741,0.56597614,0.000498601,0.0005511767
dwuteownik_00008-view02.png,dwuteownik,ceownik,0.77349496,0.20478003,0.020979064,0.00074588734
dwuteownik_00012-view04.png,dwuteownik,ceownik,0.5551512,0.37930924,0.02878416,0.036755327
dwuteownik_00024-view01.png,dwuteownik,katownik,0.016691267,0.12024634,0.8619284,0.0011339028
