Nazwa pliku,Klasa rzeczywista,Klasa predykowana,ceownik,dwuteownik,katownik,plaskownik
ceownik_00002-view02.png,ceownik,katownik,0.43777034,0.002507154,0.5594415,0.000281025
ceownik_00004-view03.png,ceownik,katownik,0.38147357,0.0025935401,0.602176,0.013756888
ceownik_00006-view02.png,ceownik,katownik,0.25278643,0.003357664,0.7432081,0.00064770284
dwuteownik_00028-view02.png,dwuteownik,katownik,0.19664887,0.09851214,0.69454676,0.01029223
dwuteownik_00046-view01.png,dwuteownik,katownik,0.39472947,0.069107324,0.53519154,0.0009716862
dwuteownik_00046-view02.png,dwuteownik,katownik,0.32242402,0.09322545,0.5837784,0.0005721909
