Nazwa pliku,Klasa rzeczywista,Klasa predykowana,ceownik,dwuteownik,katownik,plaskownik
ceownik_00004-view01.png,ceownik,katownik,0.3639602,0.050085817,0.581472,0.0044819703
ceownik_00005-view02.png,ceownik,katownik,0.31290126,0.1507967,0.53012496,0.0061770794
ceownik_00005-view04.png,ceownik,katownik,0.29754022,0.11126027,0.5816565,0.009542946
katownik_00022-view01.png,katownik,plaskownik,0.29373115,0.0070969886,0.32446882,0.374703
