Nazwa pliku,Klasa rzeczywista,Klasa predykowana,ceownik,dwuteownik,katownik,plaskownik
ceownik_00001-view03.png,ceownik,plaskownik,0.13297985,0.007122597,0.015028657,0.84486884
ceownik_00048-view04.png,ceownik,katownik,0.35425103,0.12290288,0.47863653,0.04420958
dwuteownik_00005-view01.png,dwuteownik,ceownik,0.7402564,0.25940576,0.0002829267,5.4853183e-05
katownik_00008-view02.png,katownik,plaskownik,0.012659773,0.01673352,0.46250328,0.50810343
katownik_00012-view02.png,katownik,plaskownik,0.00059576816,0.001695048,0.24918771,0.74852145
katownik_00012-view04.png,katownik,plaskownik,0.00141745,0.0084779,0.2125423,0.7775624
