Nazwa pliku,Klasa rzeczywista,Klasa predykowana,ceownik,dwuteownik,katownik,plaskownik
ceownik_00015-view01.png,ceownik,dwuteownik,0.46823776,0.52255917,0.0074442727,0.0017588391
ceownik_00048-view01.png,ceownik,dwuteownik,0.3245928,0.4909178,0.18351959,0.00096985925
dwuteownik_00021-view04.png,dwuteownik,ceownik,0.62151545,0.364551,0.011447687,0.002485861
katownik_00022-view01.png,katownik,ceownik,0.6344466,0.029092088,0.16727504,0.1691862
katownik_00025-view01.png,katownik,plaskownik,0.13622381,0.009971305,0.39637598,0.45742893
