Nazwa pliku,Klasa rzeczywista,Klasa predykowana,ceownik,dwuteownik,katownik,plaskownik
ceownik_00001-view03.png,ceownik,dwuteownik,0.11455548,0.8073685,0.041952338,0.036123727
ceownik_00002-view04.png,ceownik,katownik,0.0811202,0.0033202867,0.9149365,0.00062300457
ceownik_00018-view03.png,ceownik,dwuteownik,0.02840164,0.97131795,0.00019054186,8.980069e-05
ceownik_00048-view04.png,ceownik,katownik,0.42442966,0.062820606,0.48713472,0.02561511
dwuteownik_00046-view04.png,dwuteownik,ceownik,0.38559902,0.37808782,0.2003637,0.035949457
katownik_00012-view02.png,katownik,plaskownik,0.0011561251,9.647584e-05,0.008503613,0.99024385
