Nazwa pliku,Klasa rzeczywista,Klasa predykowana,ceownik,dwuteownik,katownik,plaskownik
dwuteownik_00008-view02.png,dwuteownik,ceownik,0.8510773,0.101767205,0.04184717,0.005308343
dwuteownik_00008-view04.png,dwuteownik,ceownik,0.68647665,0.17939676,0.10619084,0.027935738
dwuteownik_00012-view04.png,dwuteownik,ceownik,0.4840399,0.3327779,0.11433593,0.06884631
dwuteownik_00025-view03.png,dwuteownik,ceownik,0.49819338,0.45349225,0.04049358,0.007820841
dwuteownik_00041-view02.png,dwuteownik,ceownik,0.40572733,0.39636102,0.17138238,0.026529312
dwuteownik_00043-view04.png,dwuteownik,ceownik,0.732386,0.23041177,0.03173865,0.0054635284
