Nazwa pliku,Klasa rzeczywista,Klasa predykowana,ceownik,dwuteownik,katownik,plaskownik
ceownik_00002-view02.png,ceownik,katownik,0.29393122,0.018880216,0.6867224,0.00046624138
ceownik_00004-view03.png,ceownik,katownik,0.34321383,0.0646927,0.5456285,0.046464972
ceownik_00006-view02.png,ceownik,katownik,0.31397274,0.02459922,0.65987676,0.0015513495
dwuteownik_00009-view03.png,dwuteownik,ceownik,0.5166554,0.4313796,0.041877616,0.010087414
dwuteownik_00029-view03.png,dwuteownik,ceownik,0.55212015,0.44398215,0.0033774576,0.0005201988
dwuteownik_00046-view01.png,dwuteownik,ceownik,0.49388656,0.25832763,0.24689128,0.0008944955
katownik_00002-view02.png,katownik,ceownik,0.47086596,0.23967083,0.25598356,0.033479623
katownik_00008-view04.png,katownik,ceownik,0.5326564,0.08483177,0.37451455,0.007997316
plaskownik_00022-view04.png,plaskownik,dwuteownik,0.33622053,0.41138604,0.11629688,0.13609652
