Nazwa pliku,Klasa rzeczywista,Klasa predykowana,ceownik,dwuteownik,katownik,plaskownik
ceownik_00059-view01.png,ceownik,dwuteownik,0.46636242,0.5334113,0.00022609296,1.2877051e-07
ceownik_00106-view04.png,ceownik,dwuteownik,0.4041441,0.5894107,0.0046978523,0.0017472515
dwuteownik_00220-view04.png,dwuteownik,ceownik,0.58963543,0.0021582234,0.4070415,0.0011648628
dwuteownik_00141-view01.png,dwuteownik,ceownik,0.50705886,0.48741126,0.00059053075,0.0049393796
dwuteownik_00077-view03.png,dwuteownik,plaskownik,0.43417737,0.020979064,0.00014196879,0.54470164
