Nazwa pliku,Klasa rzeczywista,Klasa predykowana,ceownik,dwuteownik,katownik,plaskownik
ceownik_00069-view03.png,ceownik,plaskownik,0.15585376,0.104531504,0.00062151917,0.7389932
dwuteownik_00005-view01.png,dwuteownik,ceownik,0.7227371,0.27717644,7.5039665e-05,1.1490806e-05
dwuteownik_00198-view03.png,dwuteownik,ceownik,0.97860366,0.020343803,0.0010426708,9.985621e-06
dwuteownik_00198-view01.png,dwuteownik,ceownik,0.95773166,0.04218605,8.169615e-05,6.053716e-07
katownik_00012-view04.png,katownik,ceownik,0.5831981,0.02305196,0.38226917,0.011480836
plaskownik_00017-view04.png,plaskownik,ceownik,0.9235587,0.00053486484,0.06580093,0.0101055065
plaskownik_00017-view02.png,plaskownik,ceownik,0.6578016,0.00074304506,0.3247479,0.01670743
