Nazwa pliku,Klasa rzeczywista,Klasa predykowana,ceownik,dwuteownik,katownik,plaskownik
ceownik_00177-view02.png,ceownik,dwuteownik,0.26488593,0.7351111,2.953935e-06,5.1701e-09
ceownik_00018-view04.png,ceownik,dwuteownik,0.482573,0.51738095,4.5787732e-05,2.454391e-07
ceownik_00169-view01.png,ceownik,dwuteownik,0.014493756,0.98461574,0.00088945864,1.0346499e-06
ceownik_00109-view03.png,ceownik,dwuteownik,0.4225577,0.57693595,0.0005063127,4.8158128e-08
ceownik_00067-view04.png,ceownik,plaskownik,0.014481314,0.017409857,0.0021611764,0.96594775
ceownik_00069-view03.png,ceownik,plaskownik,0.0126685565,0.022306295,0.0006448642,0.9643803
dwuteownik_00213-view01.png,dwuteownik,ceownik,0.6587264,0.34114262,0.0001309273,5.8873784e-08
plaskownik_00158-view01.png,plaskownik,ceownik,0.49076307,0.1013489,5.7312245e-05,0.40783074
