Nazwa pliku,Klasa rzeczywista,Klasa predykowana,ceownik,dwuteownik,katownik,plaskownik
ceownik_00068-view04.png,ceownik,dwuteownik,0.013563749,0.9863651,1.9240676e-07,7.096083e-05
ceownik_00022-view02.png,ceownik,dwuteownik,0.41971034,0.5802845,5.08961e-06,6.454765e-08
ceownik_00001-view01.png,ceownik,dwuteownik,0.16570061,0.7961019,0.0030406218,0.035156906
ceownik_00004-view01.png,ceownik,katownik,0.41921523,0.000102735255,0.58067846,3.5864996e-06
ceownik_00247-view02.png,ceownik,katownik,0.38953963,0.054668516,0.5557892,2.6589003e-06
