Nazwa pliku,Klasa rzeczywista,Klasa predykowana,ceownik,dwuteownik,katownik,plaskownik
ceownik_00002-view03.png,ceownik,dwuteownik,0.45419538,0.5037105,0.011384085,0.030709958
ceownik_00006-view03.png,ceownik,dwuteownik,0.33033654,0.51840955,0.1057717,0.045482222
ceownik_00043-view02.png,ceownik,dwuteownik,0.3474433,0.60257536,0.047379013,0.0026024068
dwuteownik_00020-view03.png,dwuteownik,katownik,0.10419776,0.19757438,0.677305,0.020922825
dwuteownik_00046-view03.png,dwuteownik,ceownik,0.54320604,0.28072104,0.15896906,0.017103856
katownik_00009-view02.png,katownik,plaskownik,0.017556334,0.00065163855,0.12527908,0.8565129
plaskownik_00017-view02.png,plaskownik,ceownik,0.4953826,0.011606722,0.112423025,0.38058764
plaskownik_00017-view04.png,plaskownik,ceownik,0.46437833,0.0735377,0.17607048,0.28601357
plaskownik_00018-view02.png,plaskownik,katownik,0.040064488,0.004493948,0.50063884,0.45480266
