Nazwa pliku,Klasa rzeczywista,Klasa predykowana,ceownik,dwuteownik,katownik,plaskownik
ceownik_00048-view04.png,ceownik,plaskownik,0.22629215,0.09486423,0.03087887,0.6479647
ceownik_00050-view03.png,ceownik,plaskownik,0.30622375,0.0744907,0.184363,0.43492252
dwuteownik_00005-view01.png,dwuteownik,ceownik,0.7093285,0.28125313,0.005271347,0.0041470085
dwuteownik_00027-view04.png,dwuteownik,ceownik,0.5292293,0.38227212,0.026410788,0.062087793
dwuteownik_00046-view04.png,dwuteownik,ceownik,0.54132986,0.36605608,0.010501888,0.082112096
katownik_00010-view01.png,katownik,ceownik,0.36894858,0.059225,0.3604487,0.21137774
katownik_00014-view03.png,katownik,dwuteownik,0.16890155,0.6209073,0.19882542,0.0113657005
katownik_00027-view01.png,katownik,ceownik,0.41564494,0.06271089,0.40128395,0.12036029
katownik_00049-view04.png,katownik,plaskownik,0.15417199,0.015594472,0.35577363,0.47445986
