Nazwa pliku,Klasa rzeczywista,Klasa predykowana,ceownik,dwuteownik,katownik,plaskownik
dwuteownik_00012-view04.png,dwuteownik,ceownik,0.6658345,0.23601696,0.047018204,0.051130384
katownik_00004-view03.png,katownik,plaskownik,0.06272784,0.0002646588,0.3161934,0.6208141
katownik_00010-view04.png,katownik,plaskownik,0.019946061,0.005012067,0.17757978,0.79746205
katownik_00016-view02.png,katownik,dwuteownik,0.031424917,0.78042597,0.18590352,0.0022455687
plaskownik_00021-view01.png,plaskownik,katownik,0.03825855,0.005769968,0.4984014,0.45757
plaskownik_00021-view02.png,plaskownik,katownik,0.05076995,0.008392544,0.69775355,0.24308398
plaskownik_00025-view04.png,plaskownik,katownik,0.052275065,0.0047223577,0.5924424,0.35056022
