Nazwa pliku,Klasa rzeczywista,Klasa predykowana,ceownik,dwuteownik,katownik,plaskownik
ceownik_00021-view02.png,ceownik,dwuteownik,0.41017812,0.4688541,0.084153436,0.036814302
ceownik_00021-view04.png,ceownik,dwuteownik,0.37929982,0.4358673,0.14551613,0.039316803
ceownik_00050-view02.png,ceownik,plaskownik,0.24362351,0.033887573,0.27108386,0.45140514
dwuteownik_00009-view03.png,dwuteownik,ceownik,0.58456165,0.352824,0.0024240604,0.06019029
dwuteownik_00046-view01.png,dwuteownik,ceownik,0.4571884,0.09816141,0.32951865,0.1151315
dwuteownik_00046-view02.png,dwuteownik,ceownik,0.56289816,0.19582972,0.18506151,0.05621058
plaskownik_00019-view02.png,plaskownik,ceownik,0.49166042,0.01384111,0.24196346,0.25253496
plaskownik_00019-view03.png,plaskownik,ceownik,0.4652397,0.15056539,0.055962455,0.32823244
