Nazwa pliku,Klasa rzeczywista,Klasa predykowana,ceownik,dwuteownik,katownik,plaskownik
ceownik_00004-view01.png,ceownik,katownik,0.47384545,0.023986453,0.4906049,0.0115631195
dwuteownik_00010-view02.png,dwuteownik,ceownik,0.6742346,0.18110883,0.09580759,0.048848964
dwuteownik_00020-view04.png,dwuteownik,ceownik,0.5349061,0.39809173,0.047249842,0.01975232
dwuteownik_00043-view01.png,dwuteownik,ceownik,0.5283595,0.41515574,0.026941089,0.029543651
katownik_00031-view01.png,katownik,plaskownik,0.15500304,0.017835263,0.34151605,0.48564565
plaskownik_00027-view02.png,plaskownik,katownik,0.07308883,0.025289785,0.5408546,0.36076677
plaskownik_00034-view02.png,plaskownik,katownik,0.004340403,0.0010386641,0.6501757,0.3444453
