Nazwa pliku,Klasa rzeczywista,Klasa predykowana,ceownik,dwuteownik,katownik,plaskownik
ceownik_00052-view04.png,ceownik,plaskownik,0.0050411816,1.0268998e-08,4.7375917e-07,0.99495834
ceownik_00053-view04.png,ceownik,plaskownik,0.20195012,0.24183492,0.024356723,0.5318582
ceownik_00063-view03.png,ceownik,dwuteownik,0.041886143,0.9580883,2.279273e-05,2.7595872e-06
ceownik_00194-view03.png,ceownik,dwuteownik,0.21186365,0.78804964,8.484455e-05,1.9018737e-06
dwuteownik_00046-view04.png,dwuteownik,plaskownik,0.17465523,0.17724837,0.00045982876,0.64763653
dwuteownik_00092-view03.png,dwuteownik,ceownik,0.5535451,0.4464538,4.4107395e-08,1.10435e-06
dwuteownik_00205-view01.png,dwuteownik,ceownik,0.5029052,0.49694496,4.2162815e-06,0.00014566162
dwuteownik_00236-view04.png,dwuteownik,ceownik,0.7397239,0.26027545,3.3308714e-09,6.940498e-07
plaskownik_00019-view02.png,plaskownik,ceownik,0.89075947,6.975722e-08,0.00083836465,0.10840205
