Nazwa pliku,Klasa rzeczywista,Klasa predykowana,ceownik,dwuteownik,katownik,kwadratowy,okragly,plaskownik,profil,rura
ceownik_00067-view01.png,ceownik,dwuteownik,0.08762401,0.9107365,4.0763157e-06,7.346288e-06,3.0954052e-05,0.0012280962,0.00010335616,0.00026569728
ceownik_00127-view04.png,ceownik,dwuteownik,0.31705722,0.68287593,2.3760507e-05,5.87883e-07,8.807786e-06,1.5780545e-06,2.5947238e-05,6.153008e-06
ceownik_00166-view04.png,ceownik,katownik,0.10302884,0.0036087588,0.8909127,6.812092e-06,0.00010776332,1.0259755e-05,0.002172246,0.00015262903
ceownik_00247-view02.png,ceownik,dwuteownik,0.0068295053,0.9727824,0.00020864651,5.86827e-05,0.000118366996,0.018596577,2.6310636e-05,0.0013795211
dwuteownik_00025-view03.png,dwuteownik,ceownik,0.5343696,0.4653522,0.00013578568,1.9604513e-05,1.6750217e-05,6.0882758e-05,2.0652778e-06,4.3150314e-05
dwuteownik_00046-view02.png,dwuteownik,katownik,0.00032444746,0.00352242,0.9961016,9.304275e-09,1.6486821e-06,4.1121666e-06,8.878599e-07,4.4829187e-05
dwuteownik_00172-view04.png,dwuteownik,ceownik,0.6569336,0.34306538,5.172652e-07,2.351025e-07,8.388348e-08,3.5178562e-08,6.218016e-08,2.7318817e-08
dwuteownik_00198-view01.png,dwuteownik,ceownik,0.9898464,0.009913485,7.645337e-05,1.4862109e-05,2.6122286e-06,4.469075e-06,0.00013987748,1.8826413e-06
dwuteownik_00225-view02.png,dwuteownik,ceownik,0.5245734,0.4753606,3.7127572e-07,4.693958e-06,9.3435375e-08,5.9272294e-05,1.3108987e-06,2.5890193e-07
