Nazwa pliku,Klasa rzeczywista,Klasa predykowana,ceownik,dwuteownik,katownik,plaskownik
ceownik_00069-view01.png,ceownik,dwuteownik,0.1444963,0.79887444,0.0002848038,0.056344528
ceownik_00018-view03.png,ceownik,dwuteownik,0.0863931,0.91358674,1.9301371e-05,8.376725e-07
dwuteownik_00046-view03.png,dwuteownik,katownik,0.32299748,0.0037623597,0.6730545,0.00018562815
dwuteownik_00220-view04.png,dwuteownik,katownik,0.00014080078,0.2211091,0.7787373,1.2828111e-05
dwuteownik_00199-view04.png,dwuteownik,ceownik,0.69737893,0.015372345,0.2872001,4.868326e-05
dwuteownik_00077-view03.png,dwuteownik,ceownik,0.9769752,0.00877888,0.0006797363,0.013566162
