Nazwa pliku,Klasa rzeczywista,Klasa predykowana,ceownik,dwuteownik,katownik,plaskownik
ceownik_00068-view04.png,ceownik,dwuteownik,0.14258067,0.5194563,0.000103670485,0.33785933
ceownik_00001-view01.png,ceownik,plaskownik,0.0025365914,0.00052198884,0.03489049,0.9620509
ceownik_00052-view02.png,ceownik,dwuteownik,0.4690923,0.49503362,0.021642976,0.014231178
dwuteownik_00199-view04.png,dwuteownik,katownik,0.29521266,0.037532706,0.6666065,0.000648087
dwuteownik_00070-view01.png,dwuteownik,ceownik,0.9097068,0.0436901,3.773282e-05,0.04656537
plaskownik_00168-view03.png,plaskownik,ceownik,0.63327336,0.30663583,3.005036e-05,0.060060836
