Nazwa pliku,Klasa rzeczywista,Klasa predykowana,ceownik,dwuteownik,katownik,plaskownik
ceownik_00001-view01.png,ceownik,katownik,0.261193,0.25290704,0.31618914,0.16971079
ceownik_00001-view02.png,ceownik,katownik,0.26382604,0.2317579,0.2979944,0.2064217
dwuteownik_00012-view04.png,dwuteownik,katownik,0.261193,0.25290704,0.31618914,0.16971079
dwuteownik_00024-view01.png,dwuteownik,katownik,0.261193,0.25290704,0.31618914,0.16971079
dwuteownik_00041-view02.png,dwuteownik,katownik,0.26150063,0.25395492,0.31505156,0.16949296
dwuteownik_00043-view04.png,dwuteownik,ceownik,0.90158963,0.07831298,0.015874023,0.004223411
dwuteownik_00049-view04.png,dwuteownik,ceownik,0.5369949,0.46010476,0.0012903415,0.0016099524
katownik_00005-view02.png,katownik,ceownik,0.58195585,0.205687,0.15836686,0.053990312
katownik_00023-view04.png,katownik,ceownik,0.56384563,0.22772363,0.14718288,0.061247855
